Exam,Subject,Topic,Difficulty,Year,Question_EN,Question_BN,Opt1_EN,Opt2_EN,Opt3_EN,Opt4_EN,Opt1_BN,Opt2_BN,Opt3_BN,Opt4_BN,Correct,Expl_EN,Expl_BN
NEET,Physics,Units and Measurement,Easy,2024,"In a Vernier callipers, 20 Vernier Scale Divisions (VSD) coincide with 16 Main Scale Divisions (MSD). If each MSD is 1 mm, the least count of the Vernier callipers is:","একটি ভার্নিয়ার ক্যালিপার্সে, ২০টি ভার্নিয়ার স্কেল ঘর (VSD) ১৬টি মূল স্কেল ঘরের (MSD) সাথে মিলে যায়। মূল স্কেলের প্রতিটি ঘর ১ মিমি হলে ভার্নিয়ার ধ্রুবক (Least Count) কত?",0.02 cm,0.01 cm,0.2 mm,0.02 mm,0.02 cm,0.01 cm,0.2 mm,0.02 mm,1,"1 VSD = (16/20) MSD = 0.8 mm. Least Count LC = 1 MSD - 1 VSD = 1 mm - 0.8 mm = 0.2 mm = 0.02 cm.","১ VSD = (১৬/২০) MSD = ০.৮ মিমি। ভার্নিয়ার ধ্রুবক LC = ১ MSD - ১ VSD = ১ - ০.৮ = ০.২ মিমি = ০.০২ সেমি।"
JEE,Physics,Units and Measurement,Easy,2023,"The speed of light in vacuum is taken as unity (c = 1 unit). If light takes 6 minutes and 40 seconds to reach the Earth from the Sun, the distance between the Sun and Earth in this new system of units is:","শূন্য মাধ্যমে আলোর দ্রুতিকে একক (c = 1 unit) ধরা হলো। সূর্য থেকে পৃথিবীতে আলো পৌঁছাতে ৬ মিনিট ৪০ সেকেন্ড সময় লাগলে, এই নতুন একক পদ্ধতিতে সূর্য ও পৃথিবীর দূরত্ব কত?",400 units,500 units,3 × 10⁸ units,3 × 10¹⁰ units,400 units,500 units,3 × 10⁸ units,3 × 10¹⁰ units,1,"Time t = 6 min 40 s = (6 × 60) + 40 = 400 s. Distance d = c × t = 1 unit/s × 400 s = 400 units.","সময় t = ৬ মিনিট ৪০ সেকেন্ড = ৪০০ সেকেন্ড। দূরত্ব d = c × t = ১ × ৪০০ = ৪০০ units।"
WBJEE,Physics,Units and Measurement,Medium,2023,"The percentage errors in the measurement of mass (m) and speed (v) of a body are 2% and 3% respectively. The maximum percentage error in the estimation of its kinetic energy (E = ½mv²) is:","একটি বস্তুর ভর (m) এবং দ্রুতি (v) পরিমাপে শতকরা ত্রুটি যথাক্রমে ২% এবং ৩%। বস্তুটির গতিশক্তি (E = ½mv²) গণনায় সর্বোচ্চ শতকরা ত্রুটি কত?",8%,5%,11%,7%,8%,5%,11%,7%,1,"Kinetic Energy E = ½mv² => (ΔE/E) × 100 = (Δm/m) × 100 + 2 × (Δv/v) × 100 = 2% + 2(3%) = 8%.","গতিশক্তি E = ½mv² => শতকরা ত্রুটি = ২% + ২ × ৩% = ৮%।"
NEET,Physics,Kinematics,Medium,2024,"A body of mass 5 kg is acted upon by two mutually perpendicular forces of 8 N and 6 N. The magnitude and direction of the acceleration produced in the body are respectively:","৫ কেজি ভরের একটি বস্তুর ওপর পরস্পরের সাথে লম্বভাবে ৮ N এবং ৬ N মানের দুটি বল প্রযুক্ত হলো। বস্তুতে উৎপন্ন ত্বরণের মান ও অভিমুখ যথাক্রমে:","2 m/s² ; tan⁻¹(3/4) with the 8 N force","2 m/s² ; tan⁻¹(4/3) with the 8 N force","2 m/s² ; tan⁻¹(3/4) with the 6 N force","10 m/s² ; tan⁻¹(4/3) with the 6 N force","2 m/s² ; ৮ N বলের সাথে tan⁻¹(3/4)","2 m/s² ; ৮ N বলের সাথে tan⁻¹(4/3)","2 m/s² ; ৬ N বলের সাথে tan⁻¹(3/4)","10 m/s² ; ৬ N বলের সাথে tan⁻¹(4/3)",1,"Net resultant force F = √(8² + 6²) = 10 N. Acceleration a = F/m = 10 N / 5 kg = 2 m/s². Direction with 8 N force: tan θ = 6/8 = 3/4.","লব্ধি বল F = √(৮² + ৬²) = ১০ N। ত্বরণ a = ১০/৫ = ২ m/s²। কোণ θ = tan⁻¹(৩/৪)।"
JEE,Physics,Kinematics,Medium,2023,"A projectile is thrown with an initial velocity of u = (6i + 8j) m/s. The horizontal range of the projectile is (take g = 10 m/s²):","একটি প্রক্ষেপ্যকে (6i + 8j) m/s প্রারম্ভিক বেগে নিক্ষেপ করা হলো। প্রক্ষেপ্যটির অনুভূমিক সীমা (Range) কত? (g = 10 m/s²):",9.6 m,4.8 m,12.8 m,19.2 m,9.6 m,4.8 m,12.8 m,19.2 m,1,"u_x = 6 m/s, u_y = 8 m/s. Time of flight T = 2(8)/10 = 1.6 s. Horizontal Range R = u_x × T = 6 × 1.6 = 9.6 m.","u_x = ৬ m/s, u_y = ৮ m/s। উড্ডয়ন কাল T = ১.৬ সেকেন্ড। অনুভূমিক সীমা R = ৬ × ১.৬ = ৯.৬ মিটার।"
NEET,Physics,Electrostatics,Hard,2022,"Five capacitors of capacitance C₁ = C₂ = C₃ = C₄ = 10 μF and C₅ = 2.5 μF are arranged in a balanced bridge network across 50 V. The equivalent capacitance is:","C₁ = C₂ = C₃ = C₄ = ১০ μF এবং C₅ = ২.৫ μF ধারকত্বের পাঁচটি ধারক একটি প্রতিসম ব্রিজ সমবায়ে ৫০ V ব্যাটারির সাথে যুক্ত। সমবায়টির তুল্য ধারকত্ব কত?",10 μF,5 μF,2.5 μF,20 μF,10 μF,5 μF,2.5 μF,20 μF,1,"Balanced bridge eliminates middle capacitor C₅. Top branch = 5 μF, Bottom branch = 5 μF. Total C_eq = 5 + 5 = 10 μF.","প্রতিসম ব্রিজে C₅ নিষ্ক্রিয়। তুল্য ধারকত্ব = ৫ + ৫ = ১০ μF।"
JEE,Chemistry,Chemical Bonding,Easy,2024,"According to Molecular Orbital Theory (MOT), which of the following species is diamagnetic and has a bond order of 3?","আণবিক কক্ষক তত্ত্ব (MOT) অনুসারে, নিচের কোন প্রজাতিটি তিরশ্চৌম্বকীয় (diamagnetic) এবং এর বন্ধন ক্রম 3?",N₂,O₂,NO,C₂⁺,N₂,O₂,NO,C₂⁺,1,"N₂ has 14 electrons: Bond Order = (10 - 4)/2 = 3. All electrons are paired, making N₂ diamagnetic.","N₂ অণুতে ১৪টি ইলেকট্রন রয়েছে। বন্ধন ক্রম = ৩। কোনো বিজোড় ইলেকট্রন নেই, তাই তিরশ্চৌম্বকীয়।"
NEET,Chemistry,Electrochemistry,Medium,2023,"The standard electrode potential for Zn²⁺/Zn is -0.76 V and for Cu²⁺/Cu is +0.34 V. The standard EMF of the cell Zn | Zn²⁺ || Cu²⁺ | Cu is:","Zn²⁺/Zn এর প্রমাণ তড়িৎদ্বার বিভব -0.76 V এবং Cu²⁺/Cu এর +0.34 V। Zn | Zn²⁺ || Cu²⁺ | Cu কোষের প্রমাণ তড়িচ্চালক বল কত?",+1.10 V,-1.10 V,+0.42 V,-0.42 V,+1.10 V,-1.10 V,+0.42 V,-0.42 V,1,"E°_cell = E°_cathode - E°_anode = +0.34 V - (-0.76 V) = +1.10 V.","E°_cell = E°_ক্যাথোড - E°_অ্যানোড = ০.৩৪ - (-০.৭৬) = +১.১০ V।"
NEET,Chemistry,Organic Chemistry,Medium,2024,"Which of the following compounds gives a positive Iodoform test upon reaction with I₂/NaOH?","নিচের কোন যৌগটি I₂/NaOH সহযোগে বিক্রিয়ায় আয়োডোফর্ম পরীক্ষা দেয়?","Ethanol (CH₃CH₂OH)","Methanol (CH₃OH)","Benzophenone (C₆H₅COC₆H₅)","Diethyl ether (C₂H₅OC₂H₅)","ইথানল (CH₃CH₂OH)","মিথানল (CH₃OH)",বেনজোফেনন,ডাইইথাইল ইথার,1,"Ethanol is oxidized to ethanal (CH₃CHO) containing CH₃-C=O group which yields yellow CHI₃ precipitate.","ইথানল জারিত হয়ে CH₃CHO গঠন করে ও হলুদ CHI₃ অধঃক্ষেপ ফেলে।"
JEE,Chemistry,Coordination Chemistry,Hard,2022,"The hybridization and magnetic character of the complex [Fe(CN)₆]³⁻ are respectively (Fe atomic number = 26):","[Fe(CN)₆]³⁻ জটিল আয়নের সংকরায়ণ (Hybridization) এবং চৌম্বক প্রকৃতি যথাক্রমে:","d²sp³, Paramagnetic (1 unpaired electron)","sp³d², Paramagnetic (5 unpaired electrons)","d²sp³, Diamagnetic","sp³d², Diamagnetic","d²sp³, পরাচৌম্বকীয় (১টি বিজোড় ইলেকট্রন)","sp³d², পরাচৌম্বকীয় (৫টি বিজোড় ইলেকট্রন)","d²sp³, তিরশ্চৌম্বকীয়","sp³d², তিরশ্চৌম্বকীয়",1,"Fe³⁺ has 3d⁵. Strong field ligand CN⁻ causes pairing leaving 1 unpaired electron in inner d orbitals -> d²sp³ hybridization.","তীব্র লিগ্যান্ড CN⁻ এর উপস্থিতিতে ইলেকট্রন জোড় বাঁধে এবং ১টি বিজোড় ইলেকট্রন অবশিষ্ট থাকে -> d²sp³ সংকরায়ণ।"
NEET,Biology,Cell Biology,Easy,2024,"Which of the following cell organelles is responsible for the initiation of the intrinsic pathway of apoptosis?","নিচের কোন কোষীয় অঙ্গাণুটি অ্যাপোপটোসিস (Apoptosis)-এর অভ্যন্তরীণ পথ সূচনার জন্য দায়ী?",Mitochondria,Golgi Apparatus,Lysosome,Peroxisome,মাইটোকনড্রিয়া,গলগি বডি,লাইসোজোম,পারঅক্সিজোম,1,"Mitochondria release Cytochrome c into the cytosol which activates caspases and initiates apoptosis.","মাইটোকনড্রিয়া থেকে সাইটোক্রোম সি নির্গত হয়ে ক্যাসপেজ সক্রিয় করে অ্যাপোপটোসিস ঘটায়।"
NEET,Biology,Genetics & Evolution,Medium,2023,"If a double-stranded DNA molecule contains 20% Cytosine, what will be the percentage of Adenine according to Chargaff's rule?","একটি দ্বিতন্ত্রী DNA অণুতে ২০% সাইটোসিন থাকলে চারগাফের সূত্র অনুযায়ী অ্যাডেনিনের শতকরা পরিমাণ কত হবে?",30%,20%,40%,60%,30%,20%,40%,60%,1,"C = 20% => G = 20%. Total C + G = 40%. Therefore, A + T = 60%, so A = 30%.","C = ২০% হলে G = ২০%। মোট C+G = ৪০%। অতএব A+T = ৬০%, অর্থাৎ A = ৩০%।"
NEET,Biology,Human Physiology,Medium,2024,"Juxtaglomerular apparatus (JGA) releases renin in response to:","জাক্সটাগ্লোমেরুলার অ্যাপারেটাস (JGA) কার প্রতিক্রিয়ায় রেনিন ক্ষরণ করে?","Fall in Glomerular Blood Pressure / GFR","Rise in Blood Pressure","High blood sodium level","Atrial Natriuretic Peptide release","গ্লোমেরুলার রক্তচাপ / GFR হ্রাস পেলে","রক্তচাপ বৃদ্ধি পেলে","রক্তে উচ্চ সোডিয়াম মাত্রা","ANP ক্ষরণ হলে",1,"A fall in glomerular blood flow/pressure stimulates JG cells to secrete Renin, activating the RAAS pathway.","গ্লোমেরুলার রক্তচাপ কমে গেলে JG কোষ রেনিন নিঃসরণ করে RAAS পথ চালু করে।"
JEE,Mathematics,Calculus,Easy,2024,"The value of limit lim(x -> 0) [sin(5x) / tan(2x)] is:","lim(x -> 0) [sin(5x) / tan(2x)] এর মান কত?",5/2,2/5,1,0,5/2,2/5,1,0,1,"lim [sin(5x)/5x × 5] / [tan(2x)/2x × 2] = (1 × 5) / (1 × 2) = 5/2.","lim [sin(5x)/5x × 5] / [tan(2x)/2x × 2] = ৫/২।"
WBJEE,Mathematics,Calculus,Medium,2023,"The integral ∫ [1 / (x² + 4)] dx is equal to:","∫ [1 / (x² + 4)] dx সমাকলনের মান কত?","(1/2) tan⁻¹(x/2) + C","tan⁻¹(x/2) + C","(1/4) tan⁻¹(x/4) + C","ln(x² + 4) + C","(1/2) tan⁻¹(x/2) + C","tan⁻¹(x/2) + C","(1/4) tan⁻¹(x/4) + C","ln(x² + 4) + C",1,"Standard formula: ∫ dx/(x² + a²) = (1/a) tan⁻¹(x/a) + C. Here a = 2.","প্রমাণ সূত্র: ∫ dx/(x² + a²) = (1/a) tan⁻¹(x/a) + C। এখানে a = ২।"
NDA,Mathematics,Matrices & Determinants,Medium,2023,"If A is an invertible 3 × 3 matrix such that det(A) = 4, then det(adj A) is equal to:","A একটি ৩ × ৩ ইনভার্টেবল ম্যাট্রিক্স এবং det(A) = ৪ হলে, det(adj A) এর মান কত?",16,4,64,1/4,16,4,64,1/4,1,"For an n × n matrix, det(adj A) = (det A)^(n - 1) = 4^(3 - 1) = 4² = 16.","n × n ম্যাট্রিক্সের ক্ষেত্রে det(adj A) = (det A)^(n-1) = ৪² = ১৬।"
UPSC,General Knowledge,International Affairs,Easy,2024,"The permanent secretariat of the South Asian Association for Regional Cooperation (SAARC) is located in:","সার্ক (SAARC)-এর স্থায়ী সচিবালয় কোথায় অবস্থিত?","Kathmandu, Nepal","New Delhi, India","Dhaka, Bangladesh","Colombo, Sri Lanka","কাঠমান্ডু, নেপাল","নয়াদিল্লি, ভারত","ঢাকা, বাংলাদেশ","কলম্বো, শ্রীলঙ্কা",1,"The SAARC Secretariat was established in Kathmandu, Nepal on 16 January 1987.","সার্ক সচিবালয় ১৯৮৭ সালে নেপালের কাঠমান্ডুতে প্রতিষ্ঠিত হয়।"
SSC,General Knowledge,Awards & Honors,Easy,2023,"Who was the first Indian citizen to be awarded the prestigious Nobel Prize?","কোন ভারতীয় নাগরিক প্রথম মর্যাদাপূর্ণ নোবেল পুরস্কার লাভ করেন?","Rabindranath Tagore (1913)","C. V. Raman (1930)","Mother Teresa (1979)","Amartya Sen (1998)","রবীন্দ্রনাথ ঠাকুর (১৯১৩)","সি. ভি. রমন (১৯৩০)","মাদার তেরেসা (১৯৭৯)","অমর্ত্য সেন (১৯৯৮)",1,"Rabindranath Tagore received the Nobel Prize in Literature in 1913 for 'Gitanjali'.","রবীন্দ্রনাথ ঠাকুর ১৯১৩ সালে 'গীতাঞ্জলি' কাব্যের জন্য সাহিত্যে নোবেল পান।"
SSC,General Science,Optics & Physics in Daily Life,Easy,2024,"Which optical phenomenon is primarily responsible for the brilliant sparkle and glittering of diamonds?","হীরার উজ্জ্বল দ্যুতির জন্য মূলত কোন আলোকীয় ঘটনাটি দায়ী?","Total Internal Reflection (TIR)","Refraction only","Scattering of light",Diffraction,"অভ্যন্তরীণ পূর্ণ প্রতিফলন (TIR)","কেবল প্রতিসরণ","আলোর বিচ্ছুরণ",অপবর্তন,1,"Diamonds have a high refractive index (~2.42) and small critical angle (~24.4°), trapping light by Total Internal Reflection.","হীরকের সংকট কোণ কম (২৪.৪°) হওয়ায় আলোক রশ্মি অভ্যন্তরে বারবার পূর্ণ প্রতিফলিত হয়।"
UPSC,History,Modern Indian History,Medium,2023,"The historic Lahore Session of the Indian National Congress (1929) is memorable because:","ভারতীয় জাতীয় কংগ্রেসের ১৯২৯ সালের ঐতিহাসিক লাহোর অধিবেশন কী কারণে স্মরণীয়?","Resolution of 'Poorna Swaraj' (Complete Independence) was passed","Non-Cooperation Movement was launched","Quit India Resolution was adopted","Gandhi-Irwin Pact was signed","'পূর্ণ স্বরাজ' প্রস্তাব গৃহীত হয়","অসহযোগ আন্দোলন শুরু হয়","ভারত ছাড়ো প্রস্তাব গৃহীত হয়","গান্ধী-আরউইন চুক্তি স্বাক্ষরিত হয়",1,"Presided over by Jawaharlal Nehru, the Congress declared 'Poorna Swaraj' as its ultimate goal on 31 Dec 1929.","জওহরলাল নেহরুর সভাপতিত্বে লাহোর অধিবেশনে 'পূর্ণ স্বরাজ' দাবি আনুষ্ঠানিকভাবে গৃহীত হয়।"
UPSC,Geography,Indian Geography,Medium,2024,"The 'Ten Degree Channel' separates which of the following geographical island groups?","'টেন ডিগ্রি চ্যানেল' নিচের কোন দ্বীপপুঞ্জ দুটিকে পৃথক করেছে?","Andaman Islands and Nicobar Islands","Lakshadweep and Maldives","South Andaman and Little Andaman","Minicoy and Maldives","আন্দামান এবং নিকোবর দ্বীপপুঞ্জ","লাক্ষাদ্বীপ এবং মালদ্বীপ","দক্ষিণ আন্দামান এবং লিটল আন্দামান","মিনিকয় এবং মালদ্বীপ",1,"The 10-degree latitude line (Ten Degree Channel) separates Andaman Islands to the north from Nicobar Islands to the south.","১০ ডিগ্রি উত্তর সমঅক্ষরেখা আন্দামান দ্বীপপুঞ্জকে নিকোবর দ্বীপপুঞ্জ থেকে পৃথক করেছে।"
UPSC,Political Science,Indian Constitution,Easy,2024,"Which Article of the Indian Constitution is termed as the 'Heart and Soul of the Constitution' by Dr. B.R. Ambedkar?","ভারতীয় সংবিধানের কোন অনুচ্ছেদটিকে ড. বি. আর. আম্বেদকর 'সংবিধানের হৃদয় ও আত্মা' বলে অভিহিত করেছিলেন?","Article 32 (Right to Constitutional Remedies)","Article 21 (Right to Life)","Article 14 (Equality before Law)","Article 19 (Freedom of Speech)","অনুচ্ছেদ ৩২ (সাংবিধানিক প্রতিকারের অধিকার)","অনুচ্ছেদ ২১ (জীবনের অধিকার)","অনুচ্ছেদ ১৪ (আইনের দৃষ্টিতে সমতা)","অনুচ্ছেদ ১৯ (বাকস্বাধীনতা)",1,"Article 32 empowers citizens to move the Supreme Court directly via writs (Habeas Corpus, Mandamus, etc.) to enforce Fundamental Rights.","অনুচ্ছেদ ৩২ মৌলিক অধিকার রক্ষার জন্য সরাসরি সুপ্রিম কোর্টে রিট জারির ক্ষমতা প্রদান করে।"
SSC,Reasoning,Number Series,Easy,2023,"Find the missing term in the sequence: 2, 6, 12, 20, 30, 42, ?","সংখ্যা ক্রমের পরবর্তী পদটি নির্ণয় করো: ২, ৬, ১২, ২০, ৩০, ৪২, ?",56,54,50,48,56,54,50,48,1,"Differences are +4, +6, +8, +10, +12, so next is +14 => 42 + 14 = 56 (or n² + n for n = 7 => 49 + 7 = 56).","পার্থক্য ক্রম: +৪, +৬, +৮, +১০, +১২, পরবর্তী পদ +১৪ => ৪২ + ১৪ = ৫৬।"
SSC,English,Subject-Verb Agreement,Medium,2024,"Choose the grammatically correct option: 'Neither the teacher nor the students ______ present in the auditorium.'","সঠিক বিকল্পটি নির্বাচন করো: 'Neither the teacher nor the students ______ present in the auditorium.'",were,was,is,has been,were,was,is,has been,1,"With 'Neither...nor', the verb agrees with the closer subject ('the students' -> plural -> 'were').","'Neither...nor' গঠনে verb নিকটতম subject অনুসারে হয়। 'students' বহুবচন হওয়ায় 'were' সঠিক।"
